{
  "Flights": [
    {
      "airlineLogo": "https://res.cloudinary.com/dkikc5ywq/image/upload/v1740740063/DeltaAirline_cbklxb.png",
      "airlineName": "Delta Airlines",
      "arriveTime": "2h 45m",
      "classSeat": "Business class",
      "date": "24 aug,2024",
      "from": "NewYork",
      "fromShort": "JFK",
      "numberSeat": 79,
      "price": 170.6,
      "reservedSeats": "D1,B3,B3,F6,E4,D1,D5,A6,A8,E7,F9,D11",
      "time": "12:54",
      "to": "LosAngles",
      "toShort": "LAX"
    },
    {
      "airlineLogo": "https://res.cloudinary.com/dkikc5ywq/image/upload/v1740740064/americalAirline_arn2v2.png",
      "airlineName": "American Airlines",
      "arriveTime": "2h 30m",
      "classSeat": "Business class",
      "date": "24 aug,2024",
      "from": "NewYork",
      "fromShort": "JFK",
      "numberSeat": 92,
      "price": 169.1,
      "reservedSeats": "D1,B2,B3,F3,E2,D1,D5,A6",
      "time": "18:20",
      "to": "LosAngles",
      "toShort": "LAX"
    },
    {
      "airlineLogo": "https://res.cloudinary.com/dkikc5ywq/image/upload/v1740740063/southwestAirline_zjujlc.png",
      "airlineName": "Southwest Airlines",
      "arriveTime": "2h 45m",
      "classSeat": "Business class",
      "date": "24 aug,2024",
      "from": "NewYork",
      "fromShort": "JFK",
      "numberSeat": 91,
      "price": 159.1,
      "reservedSeats": "D1,B3,B3,F6,E4,D1,D5,A6",
      "time": "22:45",
      "to": "LosAngles",
      "toShort": "LAX"
    },
    {
      "airlineLogo": "https://res.cloudinary.com/dkikc5ywq/image/upload/v1740740064/unitedAirline_ra2hya.png",
      "airlineName": "United Airlines",
      "arriveTime": "2h 40m",
      "classSeat": "Business class",
      "date": "24 aug,2024",
      "from": "NewYork",
      "fromShort": "JFK",
      "numberSeat": 98,
      "price": 157.35,
      "reservedSeats": "D1,B2,B3,F3,E2,D1,D5,A6",
      "time": "23:05",
      "to": "LosAngles",
      "toShort": "LAX"
    }
  ],
  "Locations": [
    {
      "Id": 0,
      "Name": "LosAngles"
    },
    {
      "Id": 1,
      "Name": "NewYork"
    },
    {
      "Id": 2,
      "Name": "San Francisco"
    },
    {
      "Id": 3,
      "Name": "Washington, D.C"
    },
    {
      "Id": 4,
      "Name": "Boston"
    },
    {
      "Id": 5,
      "Name": "Philadelphia"
    },
    {
      "Id": 6,
      "Name": "Chicago"
    },
    {
      "Id": 7,
      "Name": "Las Vegas"
    },
    {
      "Id": 8,
      "Name": "Miami"
    },
    {
      "Id": 9,
      "Name": "Seattle"
    }
  ]
}